Whisper,Whisper Ultra XL - 30 (18)
Whisper,Whisper Ultra XL - 15 (30)
Whisper,Whisper Ultra - 8`S
Whisper,Whisper Ultra - 7`S
Whisper,Whisper Ultra - 2's
Whisper,Whisper Ultra - 15's
Whisper,WHISPER Maxi XLN - 15'S (30)
Whisper,Whisper Maxi XLN - 7's (60)
Whisper,Whisper Maxi - 8's (75)
Whisper,Whisper Maxi - 15's (45)
Whisper,Whisper Choice W - 8's (90 pcs)
Whisper,Whisper Choice Ultra - 6's (96)
Whisper,Whisper Choice NW - 8's (90 pcs)
Whisper,Whisper Choice NW - 7's (90 pcs)
Vicks,Vicks Vaporub - 50 gm
Vicks,Vicks Vaporub - 5 gm
Vicks,Vicks Vaporub - 25 gm
Vicks,Vicks Vaporub - 10 gm
Vicks,Vicks Inhaler - 0.5 ml
Vicks,Vicks Cough Drop Mixed Jar - 490's
Vicks,Vicks Cough Drop Mixed Jar - 1300`s
Vicks,Vicks Cough Drop Mixed Bag - 200's
Vicks,Vicks Cough Drop Mixed Bag - 125's
Tide,Tide IN - 500 gm
Tide,Tide IN - 2 kg
Tide,Tide IN - 1 kg
Pantene,Pantene Shampoo 2 in 1 - 12.6 oz (Smooth & Sleek)
Pantene,Pantene Shampoo 2 in 1 - 12.6 oz (Classic Clean)
Pantene,Pantene Shampoo - 750 ml (T.C.)
Pantene,Pantene Shampoo - 750 ml (S.S.C)
Pantene,Pantene Shampoo - 750 ml (H.F.C)
Pantene,Pantene Shampoo - 750 ml (A.D.)
Pantene,Pantene Shampoo - 70 ml (T.D.C)
Pantene,Pantene Shampoo - 70 ml (S.S.C)
Pantene,Pantene Shampoo - 70 ml (H.F.C.)
Pantene,Pantene Shampoo - 70 ml (A.D.)
Pantene,Pantene Shampoo - 7 ml (T.D.C)
Pantene,Pantene Shampoo - 7 ml (S.S.)
Pantene,Pantene Shampoo - 7 ml (H.F.C.)
Pantene,Pantene Shampoo - 7 ml (D.M.R)
Pantene,Pantene Shampoo - 5 ml (H.F.P.)
Pantene,Pantene Shampoo - 480 ml (T.C.)
Pantene,Pantene Shampoo - 480 ml (S.S.C.)
Pantene,Pantene Shampoo - 480 ml (H.F.C.)
Pantene,Pantene Shampoo - 480 ml (A.D.)
Pantene,Pantene Shampoo - 340 ml (T.D.C.)
Pantene,Pantene Shampoo - 340 ml (S.S.)
Pantene,Pantene Shampoo - 340 ml (N.C.)
Pantene,Pantene Shampoo - 340 ml (H.F.C.)
Pantene,Pantene Shampoo - 340 ml (A.D.)
Pantene,Pantene Shampoo - 170 ml (T.D.C.)
Pantene,Pantene Shampoo - 170 ml (S.S.)
Pantene,Pantene Shampoo - 170 ml (N.C.)
Pantene,Pantene Shampoo - 170 ml (H.F.C.)
Pantene,Pantene Shampoo - 170 ml (A.D.)
Pantene,Pantene Conditioner - 335 ml (T.D.C.)
Pantene,Pantene Conditioner - 335 ml (S.S.C.)
Pantene,Pantene Conditioner - 335 ml (N. C.)
Pantene,Pantene Conditioner - 335 ml (H.F.C.)
Pantene,Pantene Conditioner - 165 ml (T. D.C.)
Pantene,Pantene Conditioner - 165 ml (S. S.C.)
Pantene,Pantene Conditioner - 165 ml (N. C.)
Pantene,Pantene Conditioner - 165 ml (H.F.C.)
Pantene,Pantene Conditioner - 165 ml (A.P.)
Pampers,Pampers Pants - 44'S (XL) 4
Pampers,Pampers Pants - 40's (M) 6
Pampers,Pampers Pants - 34's (L) 6
Pampers,Pampers Pants - 20's (S)12
Pampers,Pampers Pant - 9's (S) 24
Pampers,Pampers Pant - 9's (M) 24
Pampers,Pampers Pant - 8's (S) 24
Pampers,Pampers Pant - 8's (M) 24
Pampers,Pampers Pant - 8's (L) 24
Pampers,Pampers Pant - 7's (XL) 24
Pampers,Pampers Pant - 60's (M) 4
Pampers,Pampers Pant - 56's (M) 4
Pampers,Pampers Pant - 52's (L) 4
Pampers,Pampers Pant - 4's (S) 48
Pampers,Pampers Pant - 4's (M) 48
Pampers,Pampers Pant - 4's (L) 48
Pampers,Pampers Pant - 48's (XL) 4
Pampers,Pampers Pant - 48's (L) 4
Pampers,Pampers Pant - 46's (S) 6
Pampers,Pampers Pant - 42's (S) 6
Pampers,Pampers Pant - 42's (M) 6
Pampers,Pampers Pant - 36's (L) 6
Pampers,Pampers Pant - 32's (XL) 6
Pampers,Pampers Pant - 2's (S) 96
Pampers,Pampers Pant - 2's (M) 96
Pampers,Pampers Pant - 2's (M) 72
Pampers,Pampers Pant - 2's (L) 96
Pampers,Pampers Pant - 22's (S) 12
Pampers,Pampers Pant - 20's (M) 12
Pampers,Pampers Pant - 18's (L) 12
Pampers,Pampers Pant - 16's (XL) 12
Oral B,Oral B Ultrathin - Sens B2G1 (6x8)
Oral B,Oral B Ultrathin - Sens (1*6*20)
Oral B,Oral B Shiny Clean - Soft (264)
Oral B,Oral B Shiny Clean - Medium (264)
Oral B,Oral B Shiny Clean - Soft (288)
Oral B,Oral B Shiny Clean - Soft (240)
Oral B,Oral B Shiny Clean - Medium (288)
Oral B,Oral B Shiny Clean - Medium (240)
Oral B,Oral B Sens Whtng - Soft B2G1 (6*8)
Oral B,Oral B Sens Whtng - Soft (1*6*20)
Oral B,Oral B PH Gum care - Sft B2G1 (6*8)
Oral B,Oral B PH Gum care - Med B2G1 (6*8)
Oral B,Oral B PH Gum care - Soft (1*6*16)
Oral B,Oral B PH Gum care - Medium (1*6*16)
Oral B,Oral B Cross Action Pro Health - Soft
Oral B,Oral B Cross Action Pro Health - Medium
Oral B,Oral B All Rounder 123 Cavity Defense - Soft (144)
Oral B,Oral B All Rounder 123 Cavity Defense - Medium (144)
Old Spice,Old Spice Deo Spray - 150 ml (Magnate)
Old Spice,Old Spice Deo Spray - 150 ml (Fresh)
Old Spice,Old Spice Deo - 150 ml (White Water)
Old Spice,Old Spice Deo - 150 ml (Original)
Old Spice,Old Spice Deo - 150 ml (Musk)
Old Spice,Old Spice Deo - 150 ml (Lime)
Old Spice,Old Spice Atomizer - 150 ml (Original)
Old Spice,Old Spice Atomizer - 150 ml (Lime)
Old Spice,Old Spice ASL - 50 ml (Musk)
Old Spice,Old Spice ASL - 150 ml (Original)
Old Spice,Old Spice ASL - 150 ml (Musk)
Old Spice,Old Spice ASL - 150 ml (Lime)
Old Spice,Old Spice ASL - 100 ml (Original)
Old Spice,Old Spice ASL - 100 ml (Musk)
Old Spice,Old Spice ASL - 100 ml (Lime)
Olay,Olay White Radiance Serum - 50 ml
Olay,Olay White Radiance Night - 50 gm
Olay,Olay White Radiance Cleanser - 100 gm
Olay,Olay White Radiance Day cream - 50 gm
Olay,Olay TEAAFF Moisture - 1.7 oz
Olay,Olay TE Touch Of Found. Cream - 50 gm
Olay,Olay TE Normal Uv Cream - 50 gm
Olay,Olay TE Normal Cream - 50 gm
Olay,Olay TE Mature Skin Therapy - 1.7 oz
Olay,Olay TE Gentle Uv Cream - 50 gm
Olay,Olay TE Gentle Cream - 50 gm
Olay,Olay TE Eye Cream - 0.5 oz
Olay,Olay TE Dly Moisture - 1.7 oz
Olay,Olay Regenerist Serum - 50 ml
Olay,Olay Regenerist Night Cream - 50 gm
Olay,Olay Regenerist Msc Cream - 50 gm
Olay,Olay Regenerist Eye Serum - 15 ml
Olay,Olay Regenerist Day Cream - 50 gm
Olay,Olay Regenerist Cleanser 100 gm
Olay,Olay Regenerist Serum FF - 1.7 oz
Olay,Olay Regenerist Serum - 1.7 oz
Olay,Olay Regenerist Night Rcvry. - 1.7 oz
Olay,Olay Regenerist Deep Hydr. - 1.7 oz
Olay,Olay N.W. Face Cream - 40 gm IN
Olay,Olay N. W. Night Cream - 50 gm
Olay,Olay N. W. Foaming Cleanser - 50 gm
Olay,Olay N. W. Day Cream - 50 gm
Olay,Olay TE Night Cream- 1.7 oz
Olay,Olay TE FF Cream - 1.7 oz
Olay,Olay CAD UVFF Cream - 2 oz
Olay,Olay CAD UV Lotion - 6 oz
Olay,Olay CAD UV Cream - 2 oz
Olay,Olay ADS Clenaser - 6.78 oz
Olay,Olay ADS Classic Prot Rwl Ltn - 4 oz
Olay,Olay ADS Classic Night Cream - 2 oz
Olay,Olay ADS Classic Eye Gel - 0.5 oz
Olay,Olay ADS Classic Day Cream - 2 oz
H&S,H&S Shampoo 2 in 1 - 13.5 oz (Smooth & Sleek)
H&S,H&S Shampoo 2 in 1 - 13.5 oz (Classic Clean)
H&S,H&S Shampoo - 720 ml (S.S)
H&S,H&S Shampoo - 720 ml (C.M)
H&S,H&S Shampoo - 720 ml (C.B.)
H&S,H&S Shampoo - 720 ml (A.H.F)
H&S,H&S Shampoo - 70 ml (S.S.)
H&S,H&S Shampoo - 70 ml (C.M.)
H&S,H&S Shampoo - 70 ml (C.B.)
H&S,H&S Shampoo - 70 ml (A.H.F.)
H&S,H&S Shampoo - 7 ml (S.S)
H&S,H&S Shampoo - 7 ml (S.B)
H&S,H&S Shampoo - 7 ml (C.M)
H&S,H&S Shampoo - 7 ml (A.H.F.)
H&S,H&S Shampoo - 5 ml (S.B.)
H&S,H&S Shampoo - 5 ml (B.C.)
H&S,H&S Shampoo - 480 ml (S.S.)
H&S,H&S Shampoo - 480 ml (C.M)
H&S,H&S Shampoo - 480 ml (C.B.)
H&S,H&S Shampoo - 480 ml (A.H.F)
H&S,H&S Shampoo - 330 ml (S.S.)
H&S,H&S Shampoo - 330 ml (C.M.)
H&S,H&S Shampoo - 330 ml (C.B.)
H&S,H&S Shampoo - 330 ml (A.H.F.)
H&S,H&S Shampoo - 170 ml (S.S.)
H&S,H&S Shampoo - 170 ml (C.M.)
H&S,H&S Shampoo - 170 ml (C.B.)
H&S,H&S Shampoo - 170 ml (A.H.F)
H&S,H&S Shampoo - 14.2 oz (Clinical Strength)
Gillette,Gillette Vector Razor IN (R+1) (144)
Gillette,Gillette Vector IN - 4's (600)
Gillette,Gillette Vector IN - 2's (600)
Gillette,Gillette Tube Shave Gel - 25 gm (Senst.)
Gillette,Gillette Super Thin Blade (5+1P)
Gillette,Gillette Shaving Gel - 200 ml (Senst.)
Gillette,Gillette Shaving Gel - 200 ml (Moist.)
Gillette,Gillette Series A/Shave Splash - 100 ml (S.F.)
Gillette,Gillette Series A/Shave Splash - 100 ml (C.W.)
Gillette,Gillette Series A/Shave Splash - 100 ml (A.I.)
Gillette,Gillette Sensor Excel - 5's
Gillette,Gillette Sensor Excel - 3's
Gillette,Gillette Sensor Excel - 10's
Gillette,Gillette Presto - 5's
Gillette,Gillette Presto - 1's
Gillette,Gillette Mach3 Turbo Razor (Sensitive)
Gillette,Gillette Mach3 Turbo Razor (R+1)
Gillette,Gillette Mach3 Turbo - 8's
Gillette,Gillette Mach3 Turbo - 4's (Sensitive)
Gillette,Gillette Mach3 Turbo - 4's
Gillette,Gillette Mach3 Turbo - 2's (Sensitive)
Gillette,Gillette Mach3 Turbo - 2's
Gillette,Gillette Mach3 Razor - 350 1UP
Gillette,Gillette Mach3 - 8`s
Gillette,Gillette Mach3 - 4`s
Gillette,Gillette Mach3 - 2`s
Gillette,Gillette Guard Razor (192)
Gillette,Gillette Guard - 3 ct
Gillette,Gillette Guard - 1 ct
Gillette,Gillette Foamy - 418 gm (Senst.)
Gillette,Gillette Foamy - 418 gm (Reg.)
Gillette,Gillette Foamy - 245 gm (Senst.)
Gillette,Gillette Foamy - 245 gm (Prot.)
Gillette,Gillette Foamy - 196 gm (Reg.)
Gillette,Gillette Foamy - 196 gm (Mnth.)
Gillette,Gillette Foamy - 196 gm (L.L.)
Gillette,Gillette 2 Disposable
Gillette,Fusion Razor (R+1)
Gillette,Fusion Proglide Razor
Gillette,Fusion Proglide - 8's
Gillette,Fusion Proglide - 4's
Gillette,Fusion Proglide - 2's
Gillette,Fusion Power - 6's
Gillette,Fusion Power - 4's
Gillette,Fusion Power - 2's
Gillette,Fusion - 8's
Gillette,Fusion - 6's
Gillette,Fusion - 4's
Gillette,Fusion - 2's
Ariel,Ariel 2 in 1 - 2 kg
Ariel,Ariel 2 in 1 - 1 kg
Ariel,Ariel - 500 gm (Matic)
Ariel,Ariel - 500 gm (C&S)
Ariel,Ariel - 500 gm
Ariel,Ariel - 3 kg (MB)
Ariel,Ariel - 200 gm
Ariel,Ariel - 2 kg (Matic)
Ariel,Ariel - 2 kg (Matic -TL)
Ariel,Ariel - 2 kg (Matic -FL)
Ariel,Ariel - 2 kg (C&S)
Ariel,Ariel - 2 kg
Ariel,Ariel - 12 gm
Ariel,Ariel - 1 kg (Matic)
Ariel,Ariel - 1 kg (Matic -TL)
Ariel,Ariel - 1 kg (Matic -FL)
Ariel,Ariel - 1 kg (C&S)
Ariel,Ariel - 1 kg
Gillette,7`o Clock PII Razor (R+1)
Gillette,7`o Clock PII - 5's
Gillette,Gillette Mach3 Turbo Razor (36)